<?xml version="1.0" encoding="utf-8"?>
<database>
	<version>0.1.0</version>
    <name>appRain Store</name>
	<uri>http://www.apprain.com</uri>
	<description>
		<![CDATA[
			Add an e-commerce section in website<br /><br />
			<a href="{baseurl}/appstore/manageorders">View admin panel</a><br /><br />
			Features<br />
			- Add/Manage Products and Categorys<br />
			- Process Orders <br />
			- Online Payment Method settings <br />
			- Expandable
		]]>
	</description>
	<author>Reazaul Karim</author>
	<author_uri>http://reazulk.wordpress.com</author_uri>
	<namespace>auto</namespace>
	<help>
		<![CDATA[
			<strong>Guide line</strong>  <br />
			- Simply install the plugin to active it
		]]>
	</help>
	<checkfiles>
		<filepath>register.php</filepath>
	</checkfiles>
</database>