<?xml version="1.0" encoding="utf-8"?>
<InformationSet>
    <base>
        <version>0.1.0</version>
        <lastupdate>2010-03-01</lastupdate>
        <title>Picture</title>
        <admin_tab>component</admin_tab>
	<addons />
        <parameters />
        <generic-field>
            <enabled>No</enabled>
            <title>Sort Order</title>
            <type>genericTag</type>
            <validation />
            <tag-attributes />
        </generic-field>
        <max_entry>
            <limit></limit>
            <message><![CDATA[]]></message>
        </max_entry>
		<sreach>
              <status>No</status>
              <field-selected>title</field-selected>
			  <field-description>desc</field-description>
              <parma-link>
                <!-- Relative Absolute -->
                <type>Relative</type>
                <uri><![CDATA[gallery-by-cat/[category]]]></uri>
              </parma-link>
        </sreach>
    </base>
    <fields>
        <field name="title">
            <title>Title</title>
            <type>inputTag</type>
			<searchable>Yes</searchable>
            <hints />
            <validation>
                <rule>
                    <type>notEmpty</type>
                    <err-message>Please enter a title of the image</err-message>
                </rule>
            </validation>
            <parameters />
            <tag-attributes>
                <attribute name="id">title</attribute>
                <attribute name="class">app_input</attribute>
            </tag-attributes>
        </field>
		<field name="desc">
            <title>Description</title>
            <type>textareaTag</type>
			<searchable>Yes</searchable>
            <validation>
                <rule>
                    <type>notEmpty</type>
                    <err-message>Please enter description</err-message>
                </rule>
            </validation>
			<parameters>
				<parameter name="richtexteditor">No</parameter>
			</parameters>
            <tag-attributes>
				<attribute name="rows">5</attribute>
                <attribute name="id">desc</attribute>
                <attribute name="class">app_input</attribute>
            </tag-attributes>
        </field>
		<field name="shortdesc">
            <title>Short Description</title>
            <type>textareaTag</type>
			<searchable>Yes</searchable>
            <validation />
			<parameters>
				<parameter name="richtexteditor">No</parameter>
			</parameters>
            <tag-attributes>
				<attribute name="rows">2</attribute>
                <attribute name="id">shortdesc</attribute>
                <attribute name="class">app_input</attribute>
            </tag-attributes>
        </field>
		<field name="rsslink">
            <title>Link</title>
            <type>inputTag</type>
			<searchable>Yes</searchable>
            <hints />
            <validation />
            <parameters />
            <tag-attributes>
                <attribute name="id">link</attribute>
                <attribute name="class">app_input</attribute>
            </tag-attributes>
        </field>
		<field name="status">
            <title>Status</title>
            <type>radioTag</type>
             <options>
                <option value="Active">Active</option>
                <option value="Inactive">Inactive</option>
            </options>
            <selected>Active</selected>
            <tag-attributes>
                <attribute name="id">status</attribute>
                <attribute name="class">app_input</attribute>
            </tag-attributes>
        </field>
    </fields>
</InformationSet>