<!--
/**
 * appRain v 0.1.x
 *
 * LICENSE
 *
 * This source file is subject to the MIT license that is bundled
 * with this package in the file LICENSE.txt.
 * It is also available through the world-wide-web at this URL:
 * http://www.opensource.org/licenses/mit-license.php
 * If you did not receive a copy of the license and are unable to
 * obtain it through the world-wide-web, please send an email
 * to license@apprain.com so we can send you a copy immediately.
 *
 * @copyright  Copyright (c) 2010 appRain, Team. (http://www.apprain.com)
 * @license    http://www.opensource.org/licenses/mit-license.php MIT license
 *
 * HELP
 *
 * Official Website
 * http://www.apprain.com/
 *
 * Download Link
 * http://www.apprain.com/download
 *
 * Documents Link
 * http ://www.apprain.com/docs
 */
-->
<SiteSettings>
	<sections>
        <base name="usersetting">
               <title>Site Settings</title>
               <admin_tab>usersetting</admin_tab>
        </base>
        <groups>
            <group>
                <base name="common">
                    <title>Common Settings</title>
                    <acl>
                        <ugroup>superadmin</ugroup>
                        <ugroup>useradmin</ugroup>
                    </acl>
                </base>
                <selections>
                    <selection>
                        <title>Title</title>
                        <name>site_title</name>
                        <default>Lipsum Dolor</default>
                        <type>inputTag</type>
                    </selection>
                </selections>
            </group>
            <group>
                <base name="emails">
                    <title>Emails</title>
                    <acl>
                        <ugroup>superadmin</ugroup>
                        <ugroup>useradmin</ugroup>
                    </acl>
                </base>
                <selections>
                    <selection>
                        <title>Site Email</title>
                        <name>site_email</name>
                        <default>admin@domsin.com</default>
                        <type>inputTag</type>
                    </selection>
                </selections>
            </group>
            <group>
                  <base name="rich_text_editor">
                    <title>WYSIWYG Editor</title>
                    <acl>
                        <ugroup>superadmin</ugroup>
                        <ugroup>useradmin</ugroup>
                    </acl>
                </base>
                <selections>
                    <selection>
                            <title>Enable WYSIWYG Editor</title>
                            <name>rich_text_editor</name>
                            <type>selectTag</type>
                            <default>Yes</default>
                            <options>
                                <option value="Yes">Yes</option>
                                <option value="No">No</option>
                            </options>
                        </selection>
                        <selection>
                            <title>WYSIWYG Editor Mode</title>
                            <name>rich_text_editor_mode</name>
                            <type>selectTag</type>
                            <default>Simple</default>
                            <options>
                                <option value="Simple">Simple</option>
                                <option value="Advanced">Advanced</option>
                            </options>
                        </selection>
                </selections>
            </group>
            <group>
                  <base name="time_zone">
                    <title>Time Zone</title>
                    <acl>
                        <ugroup>superadmin</ugroup>
                        <ugroup>useradmin</ugroup>
                    </acl>
                </base>
                <selections>
                    <selection>
                        <title>Time zone</title>
                        <name>time_zone</name>
                        <type>selectTag</type>
                        <default>America/Los_Angeles</default>
                        <options>
                            <option value= "">Default</option>
                            <option value= "America/Los_Angeles">America/Los_Angeles</option>
                            <option value= "America/Porto_Acre">America/Porto_Acre</option>
                            <option value= "America/Eirunepe">America/Eirunepe</option>
                            <option value= "America/Rio_Branco">America/Rio_Branco</option>
                            <option value= "Brazil/Acre">Brazil/Acre</option>
							<option value= "GB">GB</option>
							<option value= "GB-Eire">GB-Eire</option>
							<option value= "EST">EST</option>
							<option value= "EST5EDT">EST5EDT</option>
							<option value= "Etc/GMT">Etc/GMT</option>
							<option value= "Etc/GMT+0">Etc/GMT+0</option>
							<option value= "Etc/GMT+1">Etc/GMT+1</option>
							<option value= "Etc/GMT+10">Etc/GMT+10</option>
							<option value= "Etc/GMT+11">Etc/GMT+11</option>
							<option value= "Etc/GMT+12">Etc/GMT+12</option>
							<option value= "Etc/GMT+2">Etc/GMT+2</option>
							<option value= "Etc/GMT+3">Etc/GMT+3</option>
							<option value= "Etc/GMT+4">Etc/GMT+4</option>
							<option value= "Etc/GMT+5">Etc/GMT+5</option>
							<option value= "Etc/GMT+6">Etc/GMT+6</option>
							<option value= "Etc/GMT+7">Etc/GMT+7</option>
							<option value= "Etc/GMT+8">Etc/GMT+8</option>
							<option value= "Etc/GMT+9">Etc/GMT+9</option>
							<option value= "Etc/GMT0">GMT0</option>
							<option value= "Etc/GMT-0">Etc/GMT-0</option>
							<option value= "Etc/GMT-1">Etc/GMT-1</option>
							<option value= "Etc/GMT-2">Etc/GMT-2</option>
							<option value= "Etc/GMT-3">Etc/GMT-3</option>
							<option value= "Etc/GMT-4">Etc/GMT-4</option>
							<option value= "Etc/GMT-5">Etc/GMT-5</option>
							<option value= "Etc/GMT-6">Etc/GMT-6</option>
							<option value= "Etc/GMT-7">Etc/GMT-7</option>
							<option value= "Etc/GMT-8">Etc/GMT-8</option>
							<option value= "Etc/GMT-9">Etc/GMT-9</option>
							<option value= "Etc/GMT-10">Etc/GMT-10</option>
							<option value= "Etc/GMT-11">Etc/GMT-11</option>
							<option value= "Etc/GMT-12">Etc/GMT-12</option>
							<option value= "Etc/GMT-13">Etc/GMT-13</option>
							<option value= "Etc/GMT-14">Etc/GMT-14</option>
							<option value= "Etc/Greenwich">Etc/Greenwich</option>
							<option value= "Etc/UCT">Etc/UCT</option>
							<option value= "Etc/Universal">Etc/Universal</option>
							<option value= "Etc/UTC">Etc/UTC</option>
							<option value= "Etc/Zulu">Etc/Zulu</option>
							<option value= "Factory">Factory</option>
							<option value= "GMT	GMT+0">GMT</option>
							<option value= "GMT+0">GMT+0</option>
							<option value= "GMT-0">GMT-0</option>
							<option value= "GMT0">GMT0</option>
                        </options>
                    </selection>
                </selections>
            </group>
            <group>
                <base name="options">
                    <title>Options</title>
                    <acl>
                        <ugroup>superadmin</ugroup>
                        <ugroup>useradmin</ugroup>
                    </acl>
                </base>
                <selections>
                    <selection>
                        <title>Default Pagination</title>
                        <name>default_pagination</name>
                        <default>admin</default>
                        <type>inputTag</type>
                    </selection>
                    <selection>
                        <title>Large Image Width</title>
                        <name>large_image_width</name>
                        <default>500</default>
                        <type>inputTag</type>
                    </selection>
                    <selection>
                        <title>Large Image Height</title>
                        <name>large_image_height</name>
                        <default>500</default>
                        <type>inputTag</type>
                    </selection>
                    <selection>
                        <title>Disable Static Meta Options</title>
                        <name>disable_page_meta_options</name>
                        <type>selectTag</type>
                        <default>Yes</default>
                        <options>
                            <option value="Yes">Yes</option>
                            <option value="No">No</option>
                        </options>
                    </selection>
                    <selection>
                        <title>Disable Accordion</title>
                        <name>disable_accordion</name>
                        <type>selectTag</type>
                        <default>No</default>
                        <options>
                            <option value="Yes">Yes</option>
                            <option value="No">No</option>
                        </options>
                    </selection>
                </selections>
            </group>
        </groups>
    </sections>
</SiteSettings>