<?xml version="1.0" encoding="utf-8"?>
<database>
	<version>0.1.0</version>
    <name>About Us</name>
	<uri>http://www.apprain.com</uri>
	<description>Create an "About us Page" for your website and add a link in Web Site menu. About us page content is editable form page manager.</description>
	<author>Reazaul Karim</author>
	<author_uri>http://reazulk.wordpress.com</author_uri>
	<namespace>auto</namespace>
	<help>
		<![CDATA[
			<strong>Guide line</strong>  <br />
			- Simply install the plugin to active it<br />
			- Please create a page in pagemanager with the name of "aboutus" <br />
		]]>
	</help>
	<checkfiles>
		<filepath>register.php</filepath>
	</checkfiles>
</database>