<?xml version="1.0" encoding="utf-8"?>
<!--
/**
 * appRain v 0.1.x
 *
 * LICENSE
 *
 * This source file is subject to the MIT license that is bundled
 * with this package in the file LICENSE.txt.
 * It is also available through the world-wide-web at this URL:
 * http://www.opensource.org/licenses/mit-license.php
 * If you did not receive a copy of the license and are unable to
 * obtain it through the world-wide-web, please send an email
 * to license@apprain.com so we can send you a copy immediately.
 *
 * @copyright  Copyright (c) 2010 appRain, Team. (http://www.apprain.com)
 * @license    http://www.opensource.org/licenses/mit-license.php MIT license
 *
 * HELP
 *
 * Official Website
 * http://www.apprain.com/
 *
 * Download Link
 * http://www.apprain.com/download
 *
 * Documents Link
 * http ://www.apprain.com/docs
 */
-->
<URIManager>
    <pagerouter>
		<!-- Home controller -->
		<role>
            <actual>home/search</actual>
            <virtual>search</virtual>
        </role>
		<!-- Home controller End -->

        <!-- Page controller -->
		<role>
            <actual>page/view/terms</actual>
            <virtual>terms-and-conditions</virtual>
        </role>
        <role>
            <actual>page/view/aboutus</actual>
            <virtual>about-us</virtual>
        </role>
        <!-- Page controller End-->

        <!-- Member controller -->
        <role>
            <actual>member/logout</actual><virtual>logout</virtual>
        </role>
        <role>
            <actual>member/login</actual><virtual>member-login</virtual>
        </role>
        <role>
            <actual>member/signup</actual><virtual>member-signup</virtual>
        </role>
		<role>
            <actual>member/profile</actual><virtual>profile</virtual>
        </role>
        <!-- Member controller End-->

        <!-- My controller -->
        <role>
            <actual>my/profile_user_information</actual><virtual>profile-user-information</virtual>
        </role>
        <!-- My controller End-->
    </pagerouter>
</URIManager>