<?xml version="1.0" encoding="utf-8"?>
<InformationSet>
    <base>
        <version>0.1.0</version>
        <lastupdate>2010-03-01</lastupdate>
        <title>Picture</title>
        <admin_tab>gallery</admin_tab>
	<addons />
        <parameters />
        <generic-field>
            <enabled>No</enabled>
            <title>Sort Order</title>
            <type>genericTag</type>
            <validation />
            <tag-attributes />
        </generic-field>
        <max_entry>
            <limit></limit>
            <message><![CDATA[]]></message>
        </max_entry>
		<sreach>
              <status>Yes</status>
              <field-selected>title</field-selected>
			  <field-description>desc</field-description>
              <parma-link>
                <!-- Relative Absolute -->
                <type>Relative</type>
                <uri><![CDATA[gallery-by-cat/[category]]]></uri>
              </parma-link>
        </sreach>
    </base>
    <fields>
        <field name="title">
            <title>Title</title>
            <type>inputTag</type>
			<searchable>Yes</searchable>
            <hints />
            <validation>
                <rule>
                    <type>notEmpty</type>
                    <err-message>Please enter a title of the image</err-message>
                </rule>
            </validation>
            <parameters />
            <tag-attributes>
                <attribute name="id">title</attribute>
                <attribute name="class">app_input</attribute>
            </tag-attributes>
        </field>
		<field name="category">   
			<title>Category</title>   
			<hints>Hold Ctrl and Click to select more then one category</hints>
			<type>categoryTag</type>   
			<category_type>gallery-cat</category_type>
			<validation>
                <rule>
                    <type>notEmpty</type>
                    <err-message>Category left empty</err-message>
                </rule>
            </validation>
			<parameters>    
				<parameter name="parent_start">0</parameter>       
				<parameter name="inputType">selectTag</parameter>       
			</parameters>
			<tag-attributes>       
				<attribute name="id">category</attribute> 
				<attribute name="multiple">multiple</attribute>  
				<attribute name="size">10</attribute>  
			</tag-attributes>
		</field>
		<field name="imagethumb">
            <title>Thumnail</title>
            <type>fileTag</type>
            <hints>*.jpg, *.gif, *.png (120px × 100px)</hints>
            <validation />
            <parameters>
				<parameter name="maxwidth">120</parameter>
				<parameter name="maxheight">100</parameter>
			</parameters>
            <tag-attributes>
                <attribute name="id">title</attribute>
                <attribute name="class">app_input</attribute>
            </tag-attributes>
        </field>
		<field name="image">
            <title>Image</title>
            <type>fileTag</type>
            <hints>*.jpg, *.gif, *.png</hints>
            <validation />
            <parameters>
				<parameter name="maxwidth">800</parameter>
				<parameter name="maxheight">600</parameter>
			</parameters>
            <tag-attributes>
                <attribute name="id">title</attribute>
                <attribute name="class">app_input</attribute>
            </tag-attributes>
        </field>
		<field name="desc">
            <title>Description</title>
            <type>textareaTag</type>
			<searchable>Yes</searchable>
            <validation>
                <rule>
                    <type>notEmpty</type>
                    <err-message>Please enter description</err-message>
                </rule>
            </validation>
			<parameters>
				<parameter name="richtexteditor">No</parameter>
			</parameters>
            <tag-attributes>
				<attribute name="rows">5</attribute>
                <attribute name="id">desc</attribute>
                <attribute name="class">app_input</attribute>
            </tag-attributes>
        </field>
		<field name="status">
            <title>Status</title>
            <type>radioTag</type>
             <options>
                <option value="Active">Active</option>
                <option value="Inactive">Inactive</option>
            </options>
            <selected>Active</selected>
            <tag-attributes>
                <attribute name="id">status</attribute>
                <attribute name="class">app_input</attribute>
            </tag-attributes>
        </field>
    </fields>
</InformationSet>