<?xml version="1.0" encoding="utf-8"?>
<!--
/**
 * appRain v 0.1.x
 *
 * LICENSE
 *
 * This source file is subject to the MIT license that is bundled
 * with this package in the file LICENSE.txt.
 * It is also available through the world-wide-web at this URL:
 * http://www.opensource.org/licenses/mit-license.php
 * If you did not receive a copy of the license and are unable to
 * obtain it through the world-wide-web, please send an email
 * to license@apprain.com so we can send you a copy immediately.
 *
 * @copyright  Copyright (c) 2010 appRain, Inc. (http://www.apprain.com)
 * @license    http://www.opensource.org/licenses/mit-license.php MIT license
 *
 * HELP
 *
 * Official Website
 * http://www.apprain.com/
 *
 * Download Link
 * http://www.apprain.com/download
 *
 * Documents Link
 * http ://www.apprain.com/documents
 */
-->
<InterfaceBuilder>
	<navigation name="gallery">
        <parent>
            <title>Gallery</title>
            <action>/category/manage/gallery-cat</action>
            <acl>
                <group>superadmin</group>
            </acl>
            <sort_order>5</sort_order>
        </parent>
        <child>
			<menu>
                <title>Preferance</title>
                <items>
                    <item>
                        <title>Settings</title>
                        <link>/admin/config/gallery</link>
                    </item>
                </items>
                <adminicon>
					<type>FilePath</type>
					<location>/component/appgallery/interface_builder/preferance.jpg</location>
				</adminicon>
            </menu>
            <menu>
                <title>Categories</title>
                <items>
                    <item>
                        <title>Add Category</title>
                        <link>/category/manage/gallery-cat/add</link>
                    </item>
                    <item>
                        <title>Manage Categories</title>
                        <link>/category/manage/gallery-cat</link>
                    </item>
                </items>
                <adminicon>
					<type>FilePath</type>
					<location>/component/appgallery/interface_builder/categories.jpg</location>
				</adminicon>
            </menu>
            <menu>
                <title>Pictures</title>
                <items>
                    <item>
                        <title>Add New Picture</title>
                        <link>/information/manage/picture/add</link>
                    </item>
                    <item>
                        <title>Manage Pictures</title>
                        <link>/information/manage/picture</link>
                    </item>
                </items>
                 <adminicon>
					<type>FilePath</type>
					<location>/component/appgallery/interface_builder/pictures.jpg</location>
				</adminicon>
            </menu>
        </child>
    </navigation>
</InterfaceBuilder>