<?xml version="1.0" encoding="utf-8"?>
<!--
/**
 * appRain v 0.1.x
 *
 * LICENSE
 *
 * This source file is subject to the MIT license that is bundled
 * with this package in the file LICENSE.txt.
 * It is also available through the world-wide-web at this URL:
 * http://www.opensource.org/licenses/mit-license.php
 * If you did not receive a copy of the license and are unable to
 * obtain it through the world-wide-web, please send an email
 * to license@apprain.com so we can send you a copy immediately.
 *
 * @copyright  Copyright (c) 2010 appRain, Inc. (http://www.apprain.com)
 * @license    http://www.opensource.org/licenses/mit-license.php MIT license
 *
 * HELP
 *
 * Official Website
 * http://www.apprain.com/
 *
 * Download Link
 * http://www.apprain.com/download
 *
 * Documents Link
 * http ://www.apprain.com/documents
 */
-->
<InformationSet>
    <!--
    /**
     * Base Section
     * Contain all Global Options
     */
    -->
    <base>
        <version>0.1.0</version>
        <lastupdate>2009-12-01</lastupdate>
        <title>Home Press</title>
        <admin_tab>component</admin_tab>
	<addons />
        <parameters />
        <generic-field>
            <enabled>Yes</enabled>
            <title>Sort Order</title>
            <type>genericTag</type>
            <validation>
                <rule>
                    <type>isNumber</type>
                    <err-message>Sort Order must be integer type value</err-message>
                </rule>
            </validation>
            <tag-attributes>
                <attribute name="id">generic</attribute>
                <attribute name="class">app_input</attribute>
            </tag-attributes>
        </generic-field>
        <max_entry>
            <limit></limit>
            <message><![CDATA[]]></message>
        </max_entry>
        <sreach>
              <status>Yes</status>
              <field-selected>title</field-selected>
			  <field-description>description</field-description>
              <parma-link>
                <!-- Relative Absolute -->
                <type>Relative</type>
                <uri><![CDATA[]]></uri>
              </parma-link>
        </sreach>
    </base>
    <!--
    /**
     * Fields Section
     * Contain all input Fields Definitions
     */
    -->
    <fields>
        <field name="title">
            <title>Title</title>
            <type>inputTag</type>
            <searchable>Yes</searchable>
            <validation>
                <rule>
                    <type>notEmpty</type>
                    <err-message>Title can not left empty</err-message>
                </rule>
            </validation>
            <parameters />
            <tag-attributes>
                <attribute name="id">title</attribute>
                <attribute name="class">app_input</attribute>
            </tag-attributes>
        </field>
        <field name="description">
            <title>Description</title>
            <type>textareaTag</type>
            <searchable>Yes</searchable>
            <validation>
                <type>notEmpty</type>
                <err-message>Description can't be empty!</err-message>
            </validation>
            <parameters />
            <tag-attributes>
                <attribute name="id">description</attribute>
                <attribute name="class">app_input</attribute>
                <attribute name="rows">20</attribute>
            </tag-attributes>
        </field>
		<field name="linked-to">
            <title>Linked To</title>
            <type>inputTag</type>
			<hints>Example: {baseurl}/manual</hints>
            <validation />
            <parameters />
            <tag-attributes>
                <attribute name="id">title</attribute>
                <attribute name="class">app_input</attribute>
            </tag-attributes>
        </field>
        <field name="status">
            <title>Status</title>
            <type>radioTag</type>
            <validation>
                <rule>
                    <type>inList</type>
                    <err-message>Status Must be Public/Inactive</err-message>
                    <list><val>Active</val><val>Inactive</val></list>
                </rule>
            </validation>
            <options>
                <option value="Active">Active</option>
                <option value="Inactive">Inactive</option>
            </options>
            <selected>Active</selected>
            <tag-attributes>
                <attribute name="id">status</attribute>
            </tag-attributes>
        </field>
    </fields>
</InformationSet>