<?xml version="1.0" encoding="utf-8"?>
<database>
	<version>0.1.0</version>
    <name>Product Color Picker</name>
	<uri>http://www.apprain.com</uri>
	<description>Create a color selecting option for your product</description>
	<author>Reazaul Karim</author>
	<author_uri>http://reazulk.wordpress.com</author_uri>
	<namespace>auto</namespace>
	<help>
		<![CDATA[
			<strong>Guide line</strong>  <br />
			- Simply install the plugin to active it<br />
			- Create a color selecting option for your product<br /><br />
			<strong>Dapendency</strong>  <br />
			- AppRain Ecommerce tool <br />
		]]>
	</help>
	<checkfiles>
		<filepath>register.php</filepath>
	</checkfiles>
</database>