<?xml version="1.0" encoding="utf-8"?>
<!--
/**
 * appRain v 0.1.x
 *
 * LICENSE
 *
 * This source file is subject to the MIT license that is bundled
 * with this package in the file LICENSE.txt.
 * It is also available through the world-wide-web at this URL:
 * http://www.opensource.org/licenses/mit-license.php
 * If you did not receive a copy of the license and are unable to
 * obtain it through the world-wide-web, please send an email
 * to license@apprain.com so we can send you a copy immediately.
 *
 * @copyright  Copyright (c) 2010 appRain, Inc. (http://www.apprain.com)
 * @license    http://www.opensource.org/licenses/mit-license.php MIT license
 *
 * HELP
 *
 * Official Website
 * http://www.apprain.com/
 *
 * Download Link
 * http://www.apprain.com/download
 *
 * Documents Link
 * http ://www.apprain.com/documents
 */
-->
<InformationSet>
    <!--
    /**
     * Base Section
     * Contain all Global Options
     */
    -->
    <base>
        <version>0.1.0</version>
        <lastupdate>2009-12-01</lastupdate>
        <title>Email Template</title>
        <admin_tab>developer</admin_tab>
	<addons />
        <parameters>
			<parameter name="delete">No</parameter>
			<parameter name="view">No</parameter>
		</parameters>
        <generic-field>
            <enabled>No</enabled>
            <title>Sort Order</title>
            <type>genericTag</type>
            <validation/>
            <tag-attributes>
                <attribute name="id">generic</attribute>
                <attribute name="class">app_input</attribute>
            </tag-attributes>
        </generic-field>
        <max_entry>
            <limit></limit>
            <message><![CDATA[]]></message>
        </max_entry>
    </base>
    <!--
    /**
     * Fields Section
     * Contain all input Fields Definitions
     */
    -->
	<!-- options>
				<option value="ContactUs">ContactUs</option>
				<option value="MemberRegistration">MemberRegistration</option>
				<option value="ForgotPassword">ForgotPassword</option>
                <option value="BlogComment">BlogComment</option>
				<option value="ForumComment">ForumComment</option>
				<option value="ForumPost">ForumPost</option>
				<option value="StorePaymentSuccessCustomer">StorePaymentSuccessCustomer</option>
				<option value="StorePaymentFailedCustomer">StorePaymentFailedCustomer</option>
				<option value="StorePaymentFailedAdmin">StorePaymentFailedAdmin</option>
				<option value="StorePaymentSuccessAdmin">StorePaymentSuccessAdmin</option>
            </options -->
    <fields>
		<field name="templatetype">
            <title>Type</title>
            <type>inputTag</type>
			<parameters>
				<parameter name="edit">Yes</parameter>
			</parameters>
             <validation>
                <rule>
                    <type>notEmpty</type>
                    <err-message>Please enter subject</err-message>
                </rule>
				<!--rule>
                    <type>uniqueInformation</type>
                    <err-message>Template Type already used</err-message>
                </rule -->
            </validation>
            <selected></selected>
            <tag-attributes>
                <attribute name="id">type</attribute>
				<attribute name="class">app_input</attribute>
            </tag-attributes>
        </field>
        <field name="subject">
            <title>Subject</title>
            <type>inputTag</type>
            <validation>
                <rule>
                    <type>notEmpty</type>
                    <err-message>Please enter subject</err-message>
                </rule>
            </validation>
            <parameters />
            <tag-attributes>
                <attribute name="id">title</attribute>
                <attribute name="class">app_input</attribute>
            </tag-attributes>
        </field>
        <field name="message">
            <title>Message</title>
            <type>textareaTag</type>
            <validation/>
            <parameters>
				<parameter name="richtexteditor">No</parameter>
			</parameters>
            <tag-attributes>
                <attribute name="id">description</attribute>
                <attribute name="class">app_input</attribute>
                <attribute name="rows">20</attribute>
            </tag-attributes>
        </field>
    </fields>
</InformationSet>