<!--
/**
 * appRain v 0.1.x
 *
 * LICENSE
 *
 * This source file is subject to the MIT license that is bundled
 * with this package in the file LICENSE.txt.
 * It is also available through the world-wide-web at this URL:
 * http://www.opensource.org/licenses/mit-license.php
 * If you did not receive a copy of the license and are unable to
 * obtain it through the world-wide-web, please send an email
 * to license@apprain.com so we can send you a copy immediately.
 *
 * @copyright  Copyright (c) 2010 appRain, Team. (http://www.apprain.com)
 * @license    http://www.opensource.org/licenses/mit-license.php MIT license
 *
 * HELP
 *
 * Official Website
 * http://www.apprain.com/
 *
 * Download Link
 * http://www.apprain.com/download
 *
 * Documents Link
 * http ://www.apprain.com/docs
 */
-->
<SiteSettings>
	<sections>
        <base name="imagerotator">
               <title>Image Rotator</title>
               <admin_tab>component</admin_tab>
        </base>
        <groups>
            <group>
                <base name="imagerotator">
                    <title>Settings</title>
                    <acl>
                        <ugroup>superadmin</ugroup>
                    </acl>
                </base>
                <selections>
					<selection>
                        <title>Canvas Width(PX)</title>
                        <name>imagerotator_canvas_width</name>
                        <default>970</default>
                        <type>inputTag</type>
                    </selection>
					<selection>
                        <title>Canvas Height(PX)</title>
                        <name>imagerotator_canvas_height</name>
                        <default>300</default>
                        <type>inputTag</type>
                    </selection>
                 </selections>
            </group>
		</groups>
    </sections>
</SiteSettings>