<?xml version="1.0" encoding="utf-8"?>
<database>
	<version>0.1.0</version>
    <name>Simple News</name>
	<uri>http://www.apprain.com</uri>
	<description>
	<![CDATA[
		News Publisher<br /><br />

		<a href="{baseurl}/information/manage/appnews">View admin panel</a>
	]]>
	</description>
	<author>Reazaul Karim</author>
	<author_uri>http://reazulk.wordpress.com</author_uri>
	<namespace>auto</namespace>
	<help>
		<![CDATA[
			<strong>Guide line</strong>  <br />
			- Simply install the plugin to active it
		]]>
	</help>
	<checkfiles>
		<filepath>register.php</filepath>
	</checkfiles>
</database>