<?xml version="1.0" encoding="utf-8"?>
<!--
/**
 * appRain v 0.1.x
 *
 * LICENSE
 *
 * This source file is subject to the MIT license that is bundled
 * with this package in the file LICENSE.txt.
 * It is also available through the world-wide-web at this URL:
 * http://www.opensource.org/licenses/mit-license.php
 * If you did not receive a copy of the license and are unable to
 * obtain it through the world-wide-web, please send an email
 * to license@apprain.com so we can send you a copy immediately.
 *
 * @copyright  Copyright (c) 2010 appRain, Inc. (http://www.apprain.com)
 * @license    http://www.opensource.org/licenses/mit-license.php MIT license
 *
 * HELP
 *
 * Official Website
 * http://www.apprain.com/
 *
 * Download Link
 * http://www.apprain.com/download
 *
 * Documents Link
 * http ://www.apprain.com/documents
 */
-->
<InterfaceBuilder>
    <navigation name="component">
        <parent>
            <title>Components</title>
            <action>/developer/components</action>
            <acl>
                <group>superadmin</group>
            </acl>
			<!--submenu>
				<item type="multiple">
					<title>Preferances</title>
					<link>/admin/config/opts</link>
					<child>
						<childitem>
							<title>Admin Setting</title>
							<link>/admin/config/general</link>
						</childitem>
						<childitem>
							<title>Site Options</title>
							<link>/admin/config/opts</link>
						</childitem>
					</child>
				</item>
				<item>
					<title>Email Template</title>
					<link>/information/manage/email-template</link>
				</item>
			</submenu -->
            <sort_order>9</sort_order>
        </parent>
        <child />
    </navigation>
</InterfaceBuilder>