<!--
/**
 * appRain v 0.1.x
 *
 * LICENSE
 *
 * This source file is subject to the MIT license that is bundled
 * with this package in the file LICENSE.txt.
 * It is also available through the world-wide-web at this URL:
 * http://www.opensource.org/licenses/mit-license.php
 * If you did not receive a copy of the license and are unable to
 * obtain it through the world-wide-web, please send an email
 * to license@apprain.com so we can send you a copy immediately.
 *
 * @copyright  Copyright (c) 2010 appRain, Team. (http://www.apprain.com)
 * @license    http://www.opensource.org/licenses/mit-license.php MIT license
 *
 * HELP
 *
 * Official Website
 * http://www.apprain.com/
 *
 * Download Link
 * http://www.apprain.com/download
 *
 * Documents Link
 * http ://www.apprain.com/docs
 */
-->
<InterfaceBuilder>
    <navigation name="developer">
        <parent>
            <title>System</title>
            <action>/developer/sys-config</action>
            <acl>
                <group>superadmin</group>
            </acl>
			<submenu>
				<item>
					<title>Admin Setting</title>
					<link>/admin/config/general</link>
				</item>
				<item>
					<title>Site Options</title>
					<link>/admin/config/opts</link>
				</item>
				<item>
					<title>Email Template</title>
					<link>/information/manage/email-template</link>
				</item>

				<item>
					<title>Configuration</title>
					<link>/developer/sys-config</link>
				</item>

				<item>
					<title>Server Info</title>
					<link>/developer/showmyphpinfo</link>
				</item>
				<item>
					<title>Theme</title>
					<link>/developer/theme</link>
				</item>
				<item>
					<title>Language</title>
					<link>/developer/language</link>
				</item>
				<item>
					<title>Cache Management</title>
					<link>/developer/clearcache</link>
				</item>
				<item>
					<title>Code and Styles</title>
					<link>/developer/editor</link>
				</item>
				<item>
					<title>Backup</title>
					<link>/developer/imexport</link>
				</item>
			</submenu>
			<sort_order>10</sort_order>
        </parent>
        <child>
			<menu>
                <title>Preferances</title>
                <items>
                    <item>
                        <title>Admin Setting</title>
                        <link>/admin/config/general</link>
                    </item>
                    <item>
                        <title>Site Options</title>
                        <link>/admin/config/opts</link>
                    </item>
                </items>
            </menu>
			<menu>
                <title>Email Templates</title>
                <items>
                    <item>
                        <title>Manage Templates</title>
                        <link>/information/manage/email-template</link>
                    </item>
                </items>
            </menu>
           <menu>
                <title>System</title>
                <items>
                    <item>
                        <title>Configuration</title>
                        <link>/developer/sys-config</link>
                    </item>
                    <item>
                        <title>MVC Manager</title>
                        <link>/developer/mvcmanager</link>
                    </item>
                    <item>
                        <title>Server Info</title>
                        <link>/developer/showmyphpinfo</link>
                    </item>
                </items>
            </menu>
			<menu>
                <title>Theme</title>
                <items>
                    <item>
                        <title>Manage Theme</title>
                        <link>/developer/theme</link>
                    </item>
					<item>
                        <title>Header</title>
                        <link><![CDATA[/developer/editor/{[ENCODE[/development/view/{current_theme}/elements/default/common]]}/{[ENCODE[header.phtml]]}]]></link>
                    </item>
                    <item>
                        <title>Footer</title>
                        <link><![CDATA[/developer/editor/{[ENCODE[/development/view/{current_theme}/elements/default/common]]}/{[ENCODE[footer.phtml]]}]]></link>
                    </item>
                    <item>
                        <title>Theme CSS</title>
                        <link><![CDATA[/developer/editor/{[ENCODE[/webroot/themeroot/{current_theme}/css]]}/{[ENCODE[default.css]]}]]></link>
                    </item>
                </items>
            </menu>
			<menu>
                <title>Language</title>
                <items>
                    <item>
                        <title>Manage Lanuage</title>
                        <link>/developer/language</link>
                    </item>
                </items>
            </menu>
            <menu>
                <title>Cache and LOG</title>
                <items>
                    <item>
                        <title>Clear Cache</title>
                        <link>/developer/clearcache</link>
                    </item>
                    <item>
                        <title>Log In File</title>
                        <link>/developer/debug-log/file</link>
                    </item>
					<item>
                        <title>Log In Database</title>
                        <link>/developer/debug-log/db</link>
                    </item>
                </items>
            </menu>
            <menu>
                <title>App Editor</title>
                <items>
                    <item>
                        <title>Root</title>
                        <link>/developer/editor</link>
                    </item>
					<item>
                        <title>Elements</title>
                        <link>/developer/editor/{[ENCODE[/development/view/{current_theme}]]}</link>
                    </item>
					<item>
                        <title>Controllers</title>
                        <link>/developer/editor/{[ENCODE[/development/controllers]]}</link>
                    </item>
					<item>
                        <title>Models</title>
                        <link>/developer/editor/{[ENCODE[/development/models]]}</link>
                    </item>
                </items>
            </menu>
            <menu>
                <title>Backup</title>
                <items>
                    <item>
                        <title>Manage Database</title>
                        <link>/developer/imexport</link>
                    </item>
                </items>
            </menu>
        </child>
    </navigation>
</InterfaceBuilder>