<?xml version="1.0" encoding="utf-8"?>
<!--
/**
 * appRain v 0.1.x
 *
 * LICENSE
 *
 * This source file is subject to the MIT license that is bundled
 * with this package in the file LICENSE.txt.
 * It is also available through the world-wide-web at this URL:
 * http://www.opensource.org/licenses/mit-license.php
 * If you did not receive a copy of the license and are unable to
 * obtain it through the world-wide-web, please send an email
 * to license@apprain.com so we can send you a copy immediately.
 *
 * @copyright  Copyright (c) 2010 appRain, Inc. (http://www.apprain.com)
 * @license    http://www.opensource.org/licenses/mit-license.php MIT license
 *
 * HELP
 *
 * Official Website
 * http://www.apprain.com/
 *
 * Download Link
 * http://www.apprain.com/download
 *
 * Documents Link
 * http ://www.apprain.com/documents
 */
-->
<InterfaceBuilder>
    <navigation name="page_manager">
        <parent>
            <title>Page Manager</title>
            <action>/page/manage</action>
            <acl>
                <group>superadmin</group>
                <group>useradmin</group>
            </acl>
            <submenu>
				<item>
					<title>Create New Page</title>
					<link>/page/manage/create</link>
				</item>
				<item>
					<title>Create Snips</title>
					<link>/page/manage/createsnip</link>
				</item>
				<item>
					<title>Manage Pages</title>
					<link>/page/manage</link>
				</item>
			</submenu>
            <sort_order>3</sort_order>
        </parent>
        <child />
    </navigation>
</InterfaceBuilder>