<?xml version="1.0" encoding="utf-8"?>
<!--
/**
 * appRain v 0.1.x
 *
 * LICENSE
 *
 * This source file is subject to the MIT license that is bundled
 * with this package in the file LICENSE.txt.
 * It is also available through the world-wide-web at this URL:
 * http://www.opensource.org/licenses/mit-license.php
 * If you did not receive a copy of the license and are unable to
 * obtain it through the world-wide-web, please send an email
 * to license@apprain.com so we can send you a copy immediately.
 *
 * @copyright  Copyright (c) 2010 appRain, Inc. (http://www.apprain.com)
 * @license    http://www.opensource.org/licenses/mit-license.php MIT license
 *
 * HELP
 *
 * Official Website
 * http://www.apprain.com/
 *
 * Download Link
 * http://www.apprain.com/download
 *
 * Documents Link
 * http ://www.apprain.com/documents
 */
-->
<InterfaceBuilder>
    <navigation name="usersetting">
        <parent>
            <title>Setting</title>
            <action>/admin/config/usersetting</action>
            <acl>
                <group>useradmin</group>
            </acl>
            <sort_order>2</sort_order>
        </parent>
        <child>
            <menu>
                <title>Preferances</title>
                <items>
                    <item>
                        <title>Setting</title>
                        <link>/admin/config/usersetting</link>
                    </item>
                </items>
            </menu>
            <menu>
                <title>My Account</title>
                <items>
                    <item>
                        <title>Update Account</title>
                        <link>/member/account/edit</link>
                    </item>
                    <item>
                        <title>Change Password</title>
                        <link>/member/change_password</link>
                    </item>
                </items>
            </menu>
        </child>
    </navigation>
</InterfaceBuilder>