<?xml version="1.0" encoding="utf-8"?>
<!--
/**
 * appRain v 0.1.x
 *
 * LICENSE
 *
 * This source file is subject to the MIT license that is bundled
 * with this package in the file LICENSE.txt.
 * It is also available through the world-wide-web at this URL:
 * http://www.opensource.org/licenses/mit-license.php
 * If you did not receive a copy of the license and are unable to
 * obtain it through the world-wide-web, please send an email
 * to license@apprain.com so we can send you a copy immediately.
 *
 * @copyright  Copyright (c) 2010 appRain, Inc. (http://www.apprain.com)
 * @license    http://www.opensource.org/licenses/mit-license.php MIT license
 *
 * HELP
 *
 * Official Website
 * http://www.apprain.com/
 *
 * Download Link
 * http://www.apprain.com/download
 *
 * Documents Link
 * http ://www.apprain.com/documents
 */
-->
<InterfaceBuilder>
	<navigation name="catalog">
        <parent>
            <title>Store</title>
            <action>/information/manage/product</action>
			<submenu>
				<item>
					<title>Manage Orders</title>
					<link>/appstore/manageorders</link>
				</item>
				<item type="multiple">
					<title>Products</title>
					<link>/information/manage/product</link>
					<child>
						<childitem>
							<title>Manage Products</title>
							<link>/information/manage/product</link>
						</childitem>
						<childitem>
							<title>Product Categories</title>
							<link>/category/manage/product-cat</link>
						</childitem>
					</child>
				</item>
				<item>
					<title>Payment Settings</title>
					<link>/admin/config/paymentmethod</link>
				</item>
			</submenu>
            <acl>
                <group>superadmin</group>
            </acl>
            <sort_order>7</sort_order>
        </parent>
        <child>
			<menu>
                <title>Orders</title>
                <items>
                    <item>
                        <title>Manage Orders</title>
                        <link>/appstore/manageorders</link>
                    </item>
                </items>
				<adminicon>
					<type>FilePath</type>
					<location>/component/appstore/interface_builder/orders.jpg</location>
				</adminicon>
            </menu>
			<menu>
                <title>Payment Methods</title>
                <items>
                    <item>
                        <title>Manage Payment Methods</title>
                        <link>/admin/config/paymentmethod</link>
                    </item>
                </items>
				<adminicon>
					<type>FilePath</type>
					<location>/component/appstore/interface_builder/payment-methods.jpg</location>
				</adminicon>
            </menu>
			<menu>
                <title>Product Categories</title>
                <items>
                    <item>
                        <title>Add Category</title>
                        <link>/category/manage/product-cat/add</link>
                    </item>
                    <item>
                        <title>Manage Categories</title>
                        <link>/category/manage/product-cat</link>
                    </item>
                </items>
				<adminicon>
					<type>FilePath</type>
					<location>/component/appstore/interface_builder/product-cat.jpg</location>
				</adminicon>
            </menu>
            <menu>
                <title>Products</title>
                <items>
                    <item>
                        <title>Add New product</title>
                        <link>/information/manage/product/add</link>
                    </item>
                    <item>
                        <title>Manage Products</title>
                        <link>/information/manage/product</link>
                    </item>
                </items>
				<adminicon>
					<type>FilePath</type>
					<location>/component/appstore/interface_builder/products.jpg</location>
				</adminicon>
            </menu>
        </child>
    </navigation>
</InterfaceBuilder>