<?xml version="1.0" encoding="utf-8"?>
<database>
	<version>0.1.0</version>
    <name>Home Press</name>
	<uri>http://www.apprain.com</uri>
	<description>
		<![CDATA[
		Add a section to add/edit short article in Home page. Add Admin Panel section to update data.<br /><br />

		 <a href="{baseurl}/information/manage/home-synopsis">View Admin Section</a>
		]]>
	</description>
	<author>Reazaul Karim</author>
	<author_uri>http://reazulk.wordpress.com</author_uri>
	<namespace>auto</namespace>
	<help>
		<![CDATA[
			<strong>Guide line</strong>  <br />
			- Simply install the plugin to active it
		]]>
	</help>
	<checkfiles>
		<filepath>register.php</filepath>
	</checkfiles>
</database>