<?xml version="1.0" encoding="utf-8"?>
<!--
/**
 * appRain v 0.1.x
 *
 * LICENSE
 *
 * This source file is subject to the MIT license that is bundled
 * with this package in the file LICENSE.txt.
 * It is also available through the world-wide-web at this URL:
 * http://www.opensource.org/licenses/mit-license.php
 * If you did not receive a copy of the license and are unable to
 * obtain it through the world-wide-web, please send an email
 * to license@apprain.com so we can send you a copy immediately.
 *
 * @copyright  Copyright (c) 2010 appRain, Inc. (http://www.apprain.com)
 * @license    http://www.opensource.org/licenses/mit-license.php MIT license
 *
 * HELP
 *
 * Official Website
 * http://www.apprain.com/
 *
 * Download Link
 * http://www.apprain.com/download
 *
 * Documents Link
 * http ://www.apprain.com/documents
 */
-->
<InterfaceBuilder>
    <!-- Navigation 1 -->
    <navigation name="sconfig">
        <parent>
            <title>Tools</title>
            <action>/admin/config/general</action>
            <acl>
                <group>superadmin</group>
            </acl>
            <sort_order>1</sort_order>
        </parent>
        <child>
            <menu>
                <title>Preferances</title>
                <items>
                    <item>
                        <title>Admin Setting</title>
                        <link>/admin/config/general</link>
                    </item>
                    <item>
                        <title>Site Options</title>
                        <link>/admin/config/opts</link>
                    </item>
                </items>
            </menu>
			<menu>
                <title>Email Templates</title>
                <items>
                    <item>
                        <title>Email Templates</title>
                        <link>/information/manage/email-template</link>
                    </item>
                </items>
            </menu>
			<menu>
                <title>News</title>
                <items>
                    <item>
                        <title>Add News</title>
                        <link>/information/manage/appnews/add</link>
                    </item>
                    <item>
                        <title>Manage News</title>
                        <link>/information/manage/appnews</link>
                    </item>
                </items>
            </menu>
            <menu>
                <title>Home Press</title>
                <items>
                    <item>
                        <title>New slide</title>
                        <link>/information/manage/home-press/add</link>
                    </item>
                    <item>
                        <title>Manage Slides</title>
                        <link>/information/manage/home-press</link>
                    </item>
                </items>
            </menu>
            <menu>
                <title>Home Synopsis</title>
                <items>
                    <item>
                        <title>New slide</title>
                        <link>/information/manage/home-synopsis/add</link>
                    </item>
                    <item>
                        <title>Manage Slides</title>
                        <link>/information/manage/home-synopsis</link>
                    </item>
                </items>
            </menu>
        </child>
    </navigation>
</InterfaceBuilder>