<?xml version="1.0" encoding="utf-8"?>
<!--
/**
 * appRain v 0.1.x
 *
 * LICENSE
 *
 * This source file is subject to the MIT license that is bundled
 * with this package in the file LICENSE.txt.
 * It is also available through the world-wide-web at this URL:
 * http://www.opensource.org/licenses/mit-license.php
 * If you did not receive a copy of the license and are unable to
 * obtain it through the world-wide-web, please send an email
 * to license@apprain.com so we can send you a copy immediately.
 *
 * @copyright  Copyright (c) 2010 appRain, Inc. (http://www.apprain.com)
 * @license    http://www.opensource.org/licenses/mit-license.php MIT license
 *
 * HELP
 *
 * Official Website
 * http://www.apprain.com/
 *
 * Download Link
 * http://www.apprain.com/download
 *
 * Documents Link
 * http ://www.apprain.com/documents
 */
-->
<InterfaceBuilder>
	<navigation name="forum">
        <parent>
            <title>Forum</title>
            <action>/category/manage/forum-cat</action>
            <acl>
                <group>superadmin</group>
            </acl>
            <sort_order>6</sort_order>
        </parent>
        <child>
			<menu>
                <title>Forum Categories</title>
                <items>
                    <item>
                        <title>Add Category</title>
                        <link>/category/manage/forum-cat/add</link>
                    </item>
                    <item>
                        <title>Manage Categories</title>
                        <link>/category/manage/forum-cat</link>
                    </item>
                </items>
                <adminicon>
					<type>FilePath</type>
					<location>/component/appforum/interface_builder/category.jpg</location>
				</adminicon>
            </menu>
            <menu>
                <title>Forum Posts</title>
                <items>
                    <item>
                        <title>Manage Post</title>
                        <link>/information/manage/forum-post</link>
                    </item>
                </items>
                <adminicon>
					<type>FilePath</type>
					<location>/component/appforum/interface_builder/post.jpg</location>
				</adminicon>
            </menu>
			<menu>
                <title>Response</title>
                <items>
                    <item>
                        <title>Manage Comments</title>
                        <link>/appforum/managecomment</link>
                    </item>
                </items>
                <adminicon>
					<type>FilePath</type>
					<location>/component/appforum/interface_builder/comments.jpg</location>
				</adminicon>
            </menu>
        </child>
    </navigation>
</InterfaceBuilder>