<?xml version="1.0" encoding="utf-8"?>
<database>
	<version>0.1.0</version>
    <name>appRain Gallery</name>
	<uri>http://www.apprain.com</uri>
	<description>
		<![CDATA[
		AppGallery a an interactive gallery in your website.<br /><br />
		 <a href="{baseurl}/information/manage/picture">View admin panel</a><br /><br />

		<strong>Features</strong> <br />
		1. Install 5 popular gallery <br />
		2. All galleries are configuration from admin panel <br />
		3. There are setting to change effects and transitional form admin settings <br />
		4. Add link in Webiste menu automatically<br />
		]]>
	</description>
	<author>Reazaul Karim</author>
	<author_uri>http://reazulk.wordpress.com</author_uri>
	<namespace>auto</namespace>
	<help>
		<![CDATA[
			<strong>Guide line</strong>  <br />
			- Simply install the plugin to active it
		]]>
	</help>
	<checkfiles>
		<filepath>register.php</filepath>
	</checkfiles>
</database>