<?xml version="1.0" encoding="utf-8"?>
<database>
	<version>0.1.0</version>
    <name>Snowfall</name>
	<uri>http://www.apprain.com</uri>
	<description>Create snow fall.</description>
	<author>Reazaul Karim</author>
	<author_uri>http://reazulk.wordpress.com</author_uri>
	<namespace>auto</namespace>
	<help>
		<![CDATA[
			<strong>Guide line</strong>  <br />
			- Simply install the plugin to active it<br />
			- It will load in all page except admin panel <br />
		]]>
	</help>
	<checkfiles>
		<filepath>register.php</filepath>
	</checkfiles>
</database>