<?xml version="1.0" encoding="utf-8"?>
<!--
/**
 * appRain v 0.1.x
 *
 * LICENSE
 *
 * This source file is subject to the MIT license that is bundled
 * with this package in the file LICENSE.txt.
 * It is also available through the world-wide-web at this URL:
 * http://www.opensource.org/licenses/mit-license.php
 * If you did not receive a copy of the license and are unable to
 * obtain it through the world-wide-web, please send an email
 * to license@apprain.com so we can send you a copy immediately.
 *
 * @copyright  Copyright (c) 2010 appRain, Team. (http://www.apprain.com)
 * @license    http://www.opensource.org/licenses/mit-license.php MIT license
 *
 * HELP
 *
 * Official Website
 * http://www.apprain.com/
 *
 * Download Link
 * http://www.apprain.com/download
 *
 * Documents Link
 * http ://www.apprain.com/docs
 */
-->
<Addons>
    <!--
    * Load 3rd Parties libraries based one javascript and css
    -->
    <addon name="base_libs">
        <title><![CDATA[Base Libraries]]></title>
        <javascripts>
            <src>/js/lib/jquery/jquery-1.4.2.min.js</src>
            <src>/js/lib/jquery/jquery-ui-1.8.custom.min.js</src>
        </javascripts>
        <style_sheets />
        <code />
        <layouts>All</layouts>
       <layouts_except></layouts_except>
        <status>Active</status>
        <load>Always</load>
        <comments ></comments>
    </addon>
	<addon name="commonresource">
        <title><![CDATA[Common Resource]]></title>
        <javascripts />
        <style_sheets />
        <code>
		<![CDATA[
		<script type="text/javascript">
			$.noConflict();
			var siteInfo = {
					'baseUrl' : '{baseurl}',
					'skinUrl' : '{skinurl}'
				};

			jQuery(document).ready(function () {
				jQuery(".confirm-link").click(function(event) {
					event.preventDefault();
					if(confirm('Are you sure to complete the request?\nPress Ok to continue or Cancel to keep as it is.'))
					{
						window.location =jQuery(this).attr('href');
					}
				});
			});
		</script>
		]]>
		</code>
        <layouts>All</layouts>
       <layouts_except></layouts_except>
        <status>Active</status>
        <load>Always</load>
        <comments ></comments>
    </addon>
	<addon name="versionupdater">
        <title><![CDATA[versionupdater]]></title>
        <javascripts>
            <src>/addons/versionupdater/versionupdater.js</src>
        </javascripts>
        <style_sheets>
            <link>/addons/versionupdater/versionupdater.css</link>
        </style_sheets>
        <code/>
        <layouts>All</layouts>
        <layouts_except></layouts_except>
        <status>Active</status>
        <load>OnRequest</load>
        <comments />
    </addon>
    <addon name="rich_text_editor">
        <title><![CDATA[Rich Text Editor]]></title>
        <javascripts>
            <src>/addons/ckeditor/ckeditor.js</src>
        </javascripts>
        <style_sheets />
        <code ><![CDATA[]]></code>
        <layouts>All</layouts>
        <layouts_except></layouts_except>
        <status>Active</status>
        <load>OnRequest</load>
        <comments />
    </addon>
    <addon name="accordion">
        <title><![CDATA[Accordion]]></title>
        <javascripts>
            <src>/addons/accordion/accordion.js</src>
        </javascripts>
        <style_sheets />
        <code/>
        <layouts>All</layouts>
        <layouts_except></layouts_except>
        <status>Active</status>
        <load>OnRequest</load>
        <comments />
    </addon>
    <addon name="validation">
        <title><![CDATA[Validation Extended]]></title>
        <javascripts>
            <src>/addons/forms/validation.js</src>
			<src>/addons/forms/ajax_submit.js</src>
        </javascripts>
        <style_sheets />
        <code/>
        <layouts>All</layouts>
        <layouts_except></layouts_except>
        <status>Active</status>
        <load>OnRequest</load>
        <comments />
    </addon>
    <addon name="row_manager">
        <title><![CDATA[Delete DB Raw]]></title>
        <javascripts>
            <src>/addons/row_manager/row_manager.js</src>
        </javascripts>
        <style_sheets />
        <code/>
        <layouts>All</layouts>
        <layouts_except></layouts_except>
        <status>Active</status>
        <load>OnRequest</load>
        <comments />
    </addon>
    <addon name="photo_viewer">
        <title><![CDATA[Photo Viewer]]></title>
        <javascripts>
            <src>/addons/photo_viewer/photo_viewer.js</src>
        </javascripts>
        <style_sheets />
        <code/>
        <layouts>All</layouts>
        <layouts_except></layouts_except>
        <status>Active</status>
        <load>OnRequest</load>
        <comments />
    </addon>
    <addon name="color_picker">
        <title><![CDATA[color_picker]]></title>
        <javascripts>
            <src>/addons/colorpicker/colorpicker.js</src>
        </javascripts>
        <style_sheets />
        <code/>
        <layouts>All</layouts>
        <layouts_except></layouts_except>
        <status>Active</status>
        <load>OnRequest</load>
        <comments />
    </addon>
    <addon name="date_picker">
        <title><![CDATA[date_picker]]></title>
        <javascripts>
            <src>/addons/datePicker/datepicker.js</src>
        </javascripts>
        <style_sheets>
            <link>/addons/datePicker/datepicker.css</link>
        </style_sheets>
        <code/>
        <layouts>All</layouts>
        <layouts_except></layouts_except>
        <status>Active</status>
        <load>OnRequest</load>
        <comments />
    </addon>
    <addon name="defaultvalues">
        <title><![CDATA[defaultvalues]]></title>
        <javascripts>
            <src>/addons/defaultvalues/defaultvalues.js</src>
        </javascripts>
        <style_sheets />
        <code/>
        <layouts>All</layouts>
        <layouts_except></layouts_except>
        <status>Active</status>
        <load>OnRequest</load>
        <comments />
    </addon>
	<addon name="datagrid">
        <title><![CDATA[defaultvalues]]></title>
        <javascripts />
        <style_sheets>
            <link>/addons/datagrid/style.css</link>
        </style_sheets>
        <code/>
        <layouts>All</layouts>
        <layouts_except></layouts_except>
        <status>Active</status>
        <load>OnRequest</load>
        <comments />
    </addon>
	<addon name="tab">
        <title><![CDATA[tab]]></title>
        <javascripts>
            <src>/addons/tab/script.js</src>
        </javascripts>
        <style_sheets>
            <link>/addons/tab/style.css</link>
        </style_sheets>
        <code/>
        <layouts>All</layouts>
        <layouts_except></layouts_except>
        <status>Active</status>
        <load>OnRequest</load>
        <comments />
    </addon>
</Addons>