<?xml version="1.0" encoding="utf-8"?>
<!--
/**
 * appRain v 0.1.x
 *
 * LICENSE
 *
 * This source file is subject to the MIT license that is bundled
 * with this package in the file LICENSE.txt.
 * It is also available through the world-wide-web at this URL:
 * http://www.opensource.org/licenses/mit-license.php
 * If you did not receive a copy of the license and are unable to
 * obtain it through the world-wide-web, please send an email
 * to license@apprain.com so we can send you a copy immediately.
 *
 * @copyright  Copyright (c) 2010 appRain, Team. (http://www.apprain.com)
 * @license    http://www.opensource.org/licenses/mit-license.php MIT license
 *
 * HELP
 *
 * Official Website
 * http://www.apprain.com/
 *
 * Download Link
 * http://www.apprain.com/download
 *
 * Documents Link
 * http ://www.apprain.com/docs
 */
-->
<Addons>
    <addon name="admin">
        <title><![CDATA[Admin Resource]]></title>
        <javascripts>
            <src>/themeroot/admin/resources/scripts/smooth.js</src>
            <src>/themeroot/admin/resources/scripts/smooth.menu.js</src>
			<src>/themeroot/admin/resources/scripts/smooth.table.js</src>
            <src>/themeroot/admin/resources/scripts/smooth.form.js</src>
			<src>/themeroot/admin/resources/scripts/jquery.ui.selectmenu.js</src>
        </javascripts>
        <style_sheets>
            <link>/themeroot/admin/resources/css/reset.css</link>
			<link>/themeroot/admin/resources/css/style.css</link>
			<link>/themeroot/admin/resources/css/colors/blue.css</link>
        </style_sheets>
        <code>
		<![CDATA[
		<script type="text/javascript">
			jQuery(document).ready(function () {
				style_path = '{baseurl}/themeroot/admin/resources/css/colors';
				jQuery("#date-picker").datepicker();
				jQuery(".box-tabs, .box-left-tabs").tabs();
			});
		</script>
		]]>
		</code>
        <layouts>Admin</layouts>
        <layouts_except></layouts_except>
        <status>Active</status>
        <load>Always</load>
        <comments />
    </addon>
</Addons>