<?xml version="1.0" encoding="utf-8"?>
<Addons>
    <addon name="dialogs">
        <title><![CDATA[Dialogs]]></title>
        <javascripts>
            <src>/addons/dialogs/jquery.flot.min.js</src>
			<src>/addons/dialogs/smooth.dialog.js</src>
			<src>/addons/dialogs/smooth.autocomplete.js</src>
        </javascripts>
        <style_sheets />
        <code/>
        <layouts>All</layouts>
        <layouts_except></layouts_except>
        <status>Active</status>
        <load>OnRequest</load>
        <comments />
    </addon>
</Addons>