<?xml version="1.0" encoding="utf-8"?>
<Addons>
    <addon name="dropdownmenu">
        <title><![CDATA[dropdownmenu]]></title>
        <javascripts>
            <src>/addons/dropdown/js/UvumiDropdown-compressed.js</src>
        </javascripts>
        <style_sheets>
            <link>/addons/dropdown/css/uvumi-dropdown.css</link>
        </style_sheets>
		<code>
			<![CDATA[
			<script type="text/javascript">
				var menu = new UvumiDropdown('dropdown-demo',{closeDelay:200,mode:'vertical'});
			</script>
			]]>
		</code>
        <layouts>All</layouts>
        <layouts_except></layouts_except>
        <status>Inactive</status>
        <load>OnRequest</load>
        <comments />
    </addon>
</Addons>