<?xml version="1.0" encoding="utf-8"?>
<Addons>   
    <addon name="glitter">
        <title><![CDATA[defaultvalues]]></title>
        <javascripts>
            <src>/addons/glitter/js/glitter.js</src>
        </javascripts>
        <style_sheets>
            <link>/addons/glitter/css/styles.css</link>
        </style_sheets>
        <code/>
        <layouts>All</layouts>
        <layouts_except></layouts_except>
        <status>Active</status>
        <load>OnRequest</load>
        <comments />
    </addon>
</Addons>