<Addons>
	<addon name="ElectricprismSlideShow">
        <title><![CDATA[ElectricprismSlideShow]]></title>
        <javascripts>
			<src>/componentroot/appgallery/lib/mootools/mootools_libs.js</src>
			<src>/componentroot/appgallery/lib/mootools/mootools_builder.js</src>
            <src>/componentroot/appgallery/galleries/electricprismslideshow/js/slideshow.flash.js</src>
			<src>/componentroot/appgallery/galleries/electricprismslideshow/js/slideshow.js</src>
            <src>/componentroot/appgallery/galleries/electricprismslideshow/js/slideshow.flash.js</src>
			<src>/componentroot/appgallery/galleries/electricprismslideshow/js/slideshow.fold.js</src>
			<src>/componentroot/appgallery/galleries/electricprismslideshow/js/slideshow.kenburns.js</src>
			<src>/componentroot/appgallery/galleries/electricprismslideshow/js/slideshow.push.js</src>
        </javascripts>
        <style_sheets>
			<link>/componentroot/appgallery/galleries/electricprismslideshow/css/slideshow.css</link>
		</style_sheets>
        <code />
        <layouts>All</layouts>
        <layouts_except></layouts_except>
        <status>Active</status>
        <load>OnRequest</load>
        <comments />
    </addon>
    <addon name="SmoothGallery">
        <title><![CDATA[SmoothGallery]]></title>
        <javascripts>
			<src>/componentroot/appgallery/lib/mootools/mootools_libs.js</src>
			<src>/componentroot/appgallery/lib/mootools/mootools_builder.js</src>
            <src>/componentroot/appgallery/galleries/smoothgallery/scripts/jd.gallery.js</src>
			<src>/componentroot/appgallery/galleries/smoothgallery/scripts/jd.gallery.transitions.js</src>
			<src>/componentroot/appgallery/galleries/smoothgallery/scripts/ReMooz.js</src>

        </javascripts>
        <style_sheets>
			<link>/componentroot/appgallery/galleries/smoothgallery/css/jd.gallery.css</link>
		</style_sheets>
        <code />
        <layouts>All</layouts>
        <layouts_except></layouts_except>
        <status>Active</status>
        <load>OnRequest</load>
        <comments />
    </addon>
	<addon name="UvumiGallery">
        <title><![CDATA[UvumiGallery]]></title>
        <javascripts>
			<src>/componentroot/appgallery/lib/mootools/mootools_libs.js</src>
			<src>/componentroot/appgallery/lib/mootools/mootools_builder.js</src>
            <src>/componentroot/appgallery/galleries/uvumigallery/js/uvumiGallery.js</src>
        </javascripts>
        <style_sheets>
			<link>/componentroot/appgallery/galleries/uvumigallery/css/uvumi-gallery.css</link>
		</style_sheets>
        <code>
		<![CDATA[
		<script type="text/javascript">
			new UvumiGallery({container:'gallery'});
		</script>
		]]>
		</code>
        <layouts>All</layouts>
        <layouts_except></layouts_except>
        <status>Active</status>
        <load>OnRequest</load>
        <comments />
    </addon>
	 <addon name="AinoGalleria">
        <title><![CDATA[AinoGalleria]]></title>
        <javascripts>
			<src>/componentroot/appgallery/galleries/ainogalleria/src/galleria.js</src>
        </javascripts>
        <style_sheets />
        <code />
        <layouts>All</layouts>
        <layouts_except></layouts_except>
        <status>Active</status>
        <load>OnRequest</load>
        <comments />
    </addon>
</Addons>