<?xml version="1.0" encoding="utf-8"?>
<database>
	<version>0.1.0</version>
    <name>appRain Blog</name>
	<uri>http://www.apprain.com</uri>
	<description>
		<![CDATA[
			Develop a blog section form your website. <br /><br />

			<a href="{baseurl}/information/manage/blog-post">View Admin Panel</a><br /><br />

			Features<br />
			- Admin Section to update post and categorys<br />
			- Admin section to check and accept comments<br />
			- Add a link in Web Site menu<br />
			- Add a top menu in admin panel<br />

		]]>
	</description>
	<author>Reazaul Karim</author>
	<author_uri>http://reazulk.wordpress.com</author_uri>
	<namespace>auto</namespace>
	<help>
		<![CDATA[
			<strong>Guide line</strong>  <br />
			- Simply install the plugin to active it
		]]>
	</help>
	<checkfiles>
		<filepath>register.php</filepath>
	</checkfiles>
</database>