<?xml version="1.0" encoding="utf-8"?>
<!--
/**
 * appRain v 0.1.x
 *
 * LICENSE
 *
 * This source file is subject to the MIT license that is bundled
 * with this package in the file LICENSE.txt.
 * It is also available through the world-wide-web at this URL:
 * http://www.opensource.org/licenses/mit-license.php
 * If you did not receive a copy of the license and are unable to
 * obtain it through the world-wide-web, please send an email
 * to license@apprain.com so we can send you a copy immediately.
 *
 * @copyright  Copyright (c) 2010 appRain, Team. (http://www.apprain.com)
 * @license    http://www.opensource.org/licenses/mit-license.php MIT license
 *
 * HELP
 *
 * Official Website
 * http://www.apprain.com/
 *
 * Download Link
 * http://www.apprain.com/download
 *
 * Documents Link
 * http ://www.apprain.com/docs
 */
-->
<PrfileUserConfig>
    <static_pages>
        <page>
            <name>Page1</name>
            <title>Redirection Point</title>
            <content><![CDATA[
                <p>	This page is simply redirecting from __preDispatch() method in home controller (/development/controllers/home.php) by following code you can take it off as per need: <br />
                    <br />
                    if(App::Membermanager()-&gt;isProfileUserLoggedin())<br />
                    {<br />
                    &nbsp;&nbsp;&nbsp; App::Helper(&#39;Config&#39;)-&gt;transfer($this-&gt;baseurl(&#39;/profile-user-information&#39;),<br />
                    &nbsp;&nbsp;&nbsp; $this-&gt;__(&quot;Profile user is logged in.&quot;));<br />
                    }</p>
                <p>
                    <strong>Important:</strong><br />
                    This two page creates automatically when a profile user first logged in. We have set this in following definition file:<br />
                    <br />
                    development/definition/profile_user_default_resources/settings.xml<br />
                    development/definition/profile_user_default_resources/static_pages.xml<br />
                    &nbsp;</p>
            ]]></content>
        </page>
        <page>
            <name>Page2</name>
            <title>About Profile User</title>
            <content><![CDATA[
                <p>
                    The site is now in Profile User Mode.<br />
                    When a profile user login into the system then all CMS module return data saved by that user.&nbsp; So right now if you go other page then you may get the page empty.<br />
                    <br />
                    In profile user session we can fetch Super Admin Data or Any other user data if we call following statement before fetch data <br />
                    <br />
                    App:: setUserStatusId($ID);<br />
                    <br />
                    If we like to fetch Super Admin data then ID will be 0(Zero) or &#39;SUPERADMIN&rdquo; like <br />
                    App:: setUserStatusId(&#39;SUPERADMIN&rsquo;);<br />
                    <br />
                    To fetch a specific user data we have to set that user id like <br />
                    App:: setUserStatusId(7);<br />
                    <br />
                    To reset it to get current user data then $ID will be &#39;RESET&rsquo; or -1. Like bellow <br />
                    App:: setUserStatusId(&#39;RESET&rsquo;);<br />
                    <br />
                    Example: Fetch Pages saved by super admin<br />
                    App:: setUserStatusId(&#39;SUPERADMIN&#39;);<br />
                    $my_pages = App::PageManager()-&gt;getData();<br />
                    <br />
                    Example: Fetch Pages saved by current Profile user<br />
                    App:: setUserStatusId(&#39;RESET&#39;);<br />
                    $my_pages = App::PageManager()-&gt;getData();</p>
            ]]></content>
        </page>
    </static_pages>
</PrfileUserConfig>