<?xml version="1.0" encoding="utf-8"?>
<database>
	<version>0.1.0</version>
    <name>appRain Forum</name>
	<uri>http://www.apprain.com</uri>
	<description><![CDATA[
			Create a simple forum in Website. Automated Admin panel to manage Thread, Post and Comments. Create email template to formate responses.<br /><br />
			<a href="{baseurl}information/manage/forum-post">View admin section</a>
		]]></description>
	<author>Reazaul Karim</author>
	<author_uri>http://reazulk.wordpress.com</author_uri>
	<namespace>auto</namespace>
	<help>
		<![CDATA[
			<strong>Guide line</strong>  <br />
			- Simply install the plugin to active it
		]]>
	</help>
	<checkfiles>
		<filepath>register.php</filepath>
	</checkfiles>
</database>