<?xml version="1.0" encoding="utf-8"?>
<!--
/**
 * appRain v 0.1.x
 *
 * LICENSE
 *
 * This source file is subject to the MIT license that is bundled
 * with this package in the file LICENSE.txt.
 * It is also available through the world-wide-web at this URL:
 * http://www.opensource.org/licenses/mit-license.php
 * If you did not receive a copy of the license and are unable to
 * obtain it through the world-wide-web, please send an email
 * to license@apprain.com so we can send you a copy immediately.
 *
 * @copyright  Copyright (c) 2010 appRain, Inc. (http://www.apprain.com)
 * @license    http://www.opensource.org/licenses/mit-license.php MIT license
 *
 * HELP
 *
 * Official Website
 * http://www.apprain.com/
 *
 * Download Link
 * http://www.apprain.com/download
 *
 * Documents Link
 * http ://www.apprain.com/documents
 */
-->
<InformationSet>
    <!--
    /**
     * Base Section
     * Contain all Global Options
     */
    -->
    <base>
        <version>0.1.0</version>
        <lastupdate>2009-12-01</lastupdate>
        <title>Forum Post</title>
        <admin_tab>forum</admin_tab>
	<addons />
        <parameters />
        <generic-field>
            <enabled>No</enabled>
            <title>Sort Order</title>
            <type>genericTag</type>
            <validation />
            <tag-attributes>
                <attribute name="id">generic</attribute>
                <attribute name="class">app_input</attribute>
            </tag-attributes>
        </generic-field>
        <max_entry>
            <limit></limit>
            <message><![CDATA[]]></message>
        </max_entry>
        <sreach>
              <status>No</status>
              <field-selected>title</field-selected>
			<field-description>description</field-description>
              <parma-link>
                <!-- Relative Absolute -->
                <type>Relative</type>
                <uri><![CDATA[/manual/p/[id]/wizard]]></uri>
              </parma-link>
        </sreach>
    </base>
    <!--
    /**
     * Fields Section
     * Contain all input Fields Definitions
     */
    -->
    <fields>
        <field name="title">
            <title>Title</title>
            <type>inputTag</type>
            <searchable>Yes</searchable>
            <validation>
                <rule>
                    <type>notEmpty</type>
                    <err-message>Title can not left empty</err-message>
                </rule>
            </validation>
            <parameters />
            <tag-attributes>
                <attribute name="id">title</attribute>
                <attribute name="class">app_input</attribute>
            </tag-attributes>
        </field>		
		<field name="userid">
			<title>Submitted By</title>
			<type>modelTag</type>
			<validation>
                <rule>
                    <type>notEmpty</type>
                    <err-message>Submitted By Can not left empty</err-message>
                </rule>
            </validation>
			<parameters>
				<parameter name="model_name">Member</parameter>
				<parameter name="inputType">selectTag</parameter>
				<parameter name="key">id</parameter>
				<parameter name="val">f_name</parameter>
			</parameters>
			<tag-attributes>
				<attribute name="id">submited-by</attribute>
			</tag-attributes>
		</field>
        <field name="category">
            <title>Category</title>
            <type>categoryTag</type>
            <validation>
                <rule>
                    <type>notEmpty</type>
                    <err-message>Category Can not left empty</err-message>
                </rule>
            </validation>
            <category_type>forum-cat</category_type>
            <parameters>
                <parameter name="parent_start">0</parameter>
                <parameter name="inputType">selectTag</parameter>
                <parameter name="auto_link">Yes</parameter>
            </parameters>
            <tag-attributes>
                <attribute name="id">category</attribute>
            </tag-attributes>
        </field>
        <field name="description">
            <title>Description</title>
            <type>textareaTag</type>
            <searchable>Yes</searchable>
            <validation>
                <type>notEmpty</type>
                <err-message>Description can't be empty!</err-message>
            </validation>
            <parameters>
                <parameter name="edit">Yes</parameter>
                <parameter name="view">Yes</parameter>
            </parameters>
            <tag-attributes>
                <attribute name="id">description</attribute>
                <attribute name="class">app_input</attribute>
                <attribute name="rows">20</attribute>
            </tag-attributes>
        </field>
        <field name="status">
            <title>Status</title>
            <type>radioTag</type>
            <validation>
                <rule>
                    <type>inList</type>
                    <err-message>Status Must be Active or Inactive</err-message>
                    <list><val>Active</val><val>Inactive</val></list>
                </rule>
            </validation>
            <options>
                <option value="Active">Active</option>
                <option value="Inactive">Inactive</option>
            </options>
            <selected>Active</selected>
            <tag-attributes>
                <attribute name="id">status</attribute>
                <attribute name="class">app_input</attribute>
            </tag-attributes>
        </field>
    </fields>
</InformationSet>